epoch,model,aug_type,aug,vcp,loss,val_loss,accuracy,val_accuracy,translation,noise,edge_noise,rotation,swap,dist_1,dist_4,cos_1,cos_4
1,cnn,noise,0.3,0,1.77250731,1.529110193,0.34260416,0.44749999,0.315860212,0.464465737,0.449932784,0.394153237,0.287130386,,,,
2,cnn,noise,0.3,0,1.462276101,1.379300237,0.469916672,0.497666657,0.329553097,0.504620314,0.497983873,0.408854157,0.278813839,,,,
3,cnn,noise,0.3,0,1.319580674,1.266576529,0.526145816,0.542999983,0.344170034,0.557459652,0.547127008,0.421370953,0.267893136,,,,
4,cnn,noise,0.3,0,1.183923125,1.126797676,0.577812493,0.592750013,0.363155246,0.603830636,0.600302398,0.45102486,0.281922042,,,,
5,cnn,noise,0.3,0,1.059733391,1.064949274,0.62075001,0.629083335,0.358114928,0.635920703,0.632056475,0.457745284,0.285954297,,,,
6,cnn,noise,0.3,0,0.949736595,0.942956209,0.663874984,0.667583346,0.379284263,0.674563169,0.67338711,0.477234542,0.290070564,,,,
7,cnn,noise,0.3,0,0.841197848,0.892619789,0.700312495,0.692833304,0.373823911,0.704133093,0.696740568,0.475386411,0.284442216,,,,
8,cnn,noise,0.3,0,0.744754255,0.799933195,0.73908335,0.729083359,0.370463699,0.736895144,0.732190847,0.498319894,0.286290318,,,,
9,cnn,noise,0.3,0,0.655361354,0.80723989,0.769229174,0.726833344,0.362567216,0.73857528,0.733114898,0.478746653,0.289230525,,,,
10,cnn,noise,0.3,0,0.588213384,0.780427337,0.792249978,0.743416667,0.358030915,0.75361222,0.746891797,0.482106864,0.282594085,,,,
11,cnn,noise,0.3,0,0.52451539,0.747522891,0.816208363,0.760333359,0.365843415,0.773521483,0.763020813,0.486055106,0.288642466,,,,
12,cnn,noise,0.3,0,0.470935106,0.614119411,0.834895849,0.809249997,0.37861222,0.816616237,0.813928068,0.504032254,0.293682784,,,,
13,cnn,noise,0.3,0,0.431687415,0.659567058,0.847041667,0.793416679,0.366179436,0.801831305,0.797967076,0.490927428,0.290322572,,,,
14,cnn,noise,0.3,0,0.397477061,0.560367107,0.859749973,0.830666661,0.385668695,0.83022511,0.83291328,0.522345424,0.291750669,,,,
15,cnn,noise,0.3,0,0.369890869,0.561562002,0.869312525,0.833083332,0.378192216,0.835769475,0.836189508,0.516297042,0.29057461,,,,
16,cnn,noise,0.3,0,0.34030661,0.557588458,0.880604148,0.841833353,0.371891797,0.844254017,0.843833983,0.511004686,0.281586021,,,,
17,cnn,noise,0.3,0,0.332067728,0.547091961,0.884000003,0.848416686,0.381384403,0.853998661,0.851898551,0.523857534,0.275789648,,,,
18,cnn,noise,0.3,0,0.311372489,0.527734935,0.890749991,0.858583331,0.370715737,0.863743305,0.861727178,0.518733203,0.277469754,,,,
19,cnn,noise,0.3,0,0.295137882,0.517028689,0.898874998,0.867083311,0.373991936,0.872395813,0.870547712,0.522261441,0.289566547,,,,
20,cnn,noise,0.3,0,0.282314748,0.494973928,0.903333306,0.873666644,0.373319894,0.876680136,0.873823941,0.525789678,0.285702288,,,,
21,cnn,noise,0.3,0,0.263529718,0.497769326,0.909666657,0.872083306,0.371891797,0.873319864,0.873151898,0.523605525,0.269489259,,,,
22,cnn,noise,0.3,0,0.259002745,0.42534709,0.910416663,0.895749986,0.38222447,0.897765458,0.895161271,0.535618305,0.291582674,,,,
23,cnn,noise,0.3,0,0.25082776,0.438624471,0.91360414,0.892250001,0.375840068,0.895245314,0.894993305,0.549731195,0.284610212,,,,
24,cnn,noise,0.3,0,0.233029842,0.505584836,0.91854167,0.875083327,0.369455636,0.882896483,0.874579966,0.521673381,0.278477818,,,,
25,cnn,noise,0.3,0,0.232893601,0.494516551,0.92049998,0.881749988,0.374747992,0.88583672,0.884744644,0.520245314,0.282174051,,,,
26,cnn,noise,0.3,0,0.225024268,0.483587354,0.922916651,0.887583315,0.37289986,0.888440847,0.889448941,0.531670034,0.284274191,,,,
27,cnn,noise,0.3,0,0.214126825,0.462624311,0.928041637,0.891916692,0.365759403,0.895749331,0.894405246,0.52133739,0.270833343,,,,
28,cnn,noise,0.3,0,0.211092353,0.471453816,0.927604139,0.888833344,0.375756055,0.896169364,0.891549051,0.531418025,0.287298381,,,,
29,cnn,noise,0.3,0,0.208687007,0.466686636,0.928937495,0.896916687,0.376176089,0.901209652,0.899109542,0.53755039,0.278309822,,,,
30,cnn,noise,0.3,0,0.201288313,0.42305252,0.931166649,0.908749998,0.375084013,0.910618305,0.909610212,0.538306475,0.283854157,,,,
31,cnn,noise,0.3,0,0.191278011,0.535198629,0.934187472,0.878083348,0.352822572,0.881720424,0.877436161,0.509744644,0.27402553,,,,
32,cnn,noise,0.3,0,0.193010107,0.400428265,0.934916675,0.91716665,0.382308453,0.91255039,0.917422712,0.555275559,0.290910631,,,,
33,cnn,noise,0.3,0,0.182270974,0.466030478,0.938437521,0.90716666,0.375756055,0.908014119,0.907090068,0.535954297,0.296875,,,,
34,cnn,noise,0.3,0,0.180243209,0.418547571,0.939062476,0.920750022,0.38130039,0.921538949,0.921454966,0.557543695,0.292506725,,,,
35,cnn,noise,0.3,0,0.178214356,0.514520407,0.941145837,0.897333324,0.360299051,0.899529576,0.898521483,0.523857534,0.273605525,,,,
36,cnn,noise,0.3,0,0.179912359,0.428442776,0.940458357,0.918583333,0.373907924,0.914986551,0.91708672,0.548471093,0.28545028,,,,
37,cnn,noise,0.3,0,0.172245458,0.436914355,0.941104174,0.916499972,0.380376339,0.916498661,0.915910602,0.540826619,0.297967076,,,,
38,cnn,noise,0.3,0,0.17606771,0.440189183,0.942854166,0.918749988,0.381468415,0.917926729,0.91885078,0.551915348,0.292254716,,,,
39,cnn,noise,0.3,0,0.162378579,0.413702846,0.946312487,0.927083313,0.384828627,0.926999331,0.927755356,0.559055805,0.295194894,,,,
40,cnn,noise,0.3,0,0.152319804,0.42741397,0.948687494,0.922999978,0.382980525,0.919606864,0.921791017,0.546875,0.292926759,,,,
41,cnn,noise,0.3,0,0.157729581,0.447817832,0.947250009,0.918583333,0.371555775,0.92036289,0.918682814,0.552839398,0.29326278,,,,
42,cnn,noise,0.3,0,0.156226963,0.474215865,0.94749999,0.919166684,0.381804436,0.917338729,0.92036289,0.544438839,0.296034932,,,,
43,cnn,noise,0.3,0,0.152229995,0.485597402,0.94956249,0.913583338,0.3671875,0.911374331,0.912718415,0.54326278,0.280493945,,,,
44,cnn,noise,0.3,0,0.153541163,0.470604539,0.949145854,0.919083357,0.371891797,0.919354856,0.919270813,0.542590737,0.278645843,,,,
45,cnn,noise,0.3,0,0.150676847,0.442916662,0.949958324,0.925249994,0.378276199,0.923051059,0.924395144,0.551915348,0.286038309,,,,
46,cnn,noise,0.3,0,0.148997873,0.447128892,0.951166689,0.928666651,0.383988589,0.926579297,0.928595424,0.564432144,0.29116264,,,,
47,cnn,noise,0.3,0,0.147692069,0.459875852,0.952458322,0.918333352,0.376008064,0.916498661,0.919942856,0.545278907,0.288390458,,,,
48,cnn,noise,0.3,0,0.137798741,0.462744743,0.953916669,0.922583342,0.372815847,0.919018805,0.920782924,0.549395144,0.288558453,,,,
49,cnn,noise,0.3,0,0.135636479,0.485623568,0.954604149,0.920166671,0.377268136,0.920194864,0.921118975,0.541078627,0.299983203,,,,
50,cnn,noise,0.3,0,0.144236505,0.479696333,0.953249991,0.920000017,0.369119614,0.916582644,0.919354856,0.54385078,0.288726479,,,,
51,cnn,noise,0.3,0,0.139282465,0.491161227,0.953104138,0.916166663,0.356938839,0.914818525,0.917926729,0.525117636,0.287634403,,,,
52,cnn,noise,0.3,0,0.131481603,0.477399915,0.95691669,0.92325002,0.378780246,0.921202958,0.923555136,0.552755356,0.282594085,,,,
53,cnn,noise,0.3,0,0.138078526,0.474329442,0.953979194,0.92658335,0.383232534,0.924647152,0.92666328,0.548639119,0.289734542,,,,
54,cnn,noise,0.3,0,0.132103786,0.518822134,0.955729187,0.920000017,0.361895174,0.916582644,0.919102848,0.543430805,0.288222432,,,,
55,cnn,noise,0.3,0,0.132052973,0.507243037,0.95714581,0.918166637,0.365591407,0.91977489,0.919186831,0.530073941,0.278225809,,,,
56,cnn,noise,0.3,0,0.124588653,0.463776976,0.958979189,0.926666677,0.373151869,0.924395144,0.926327288,0.551159263,0.285618275,,,,
57,cnn,noise,0.3,0,0.121343412,0.480300933,0.960083306,0.927083313,0.373319894,0.928259432,0.92758739,0.553343415,0.30317539,,,,
58,cnn,noise,0.3,0,0.128372878,0.450483322,0.958041668,0.928583324,0.378780246,0.926831305,0.929267466,0.550907254,0.292590737,,,,
59,cnn,noise,0.3,0,0.122135766,0.456647068,0.960874975,0.934416652,0.378024191,0.931619644,0.933551729,0.557627678,0.284274191,,,,
60,cnn,noise,0.3,0,0.123640575,0.497301996,0.95943749,0.922166646,0.367943555,0.923639119,0.922211051,0.540658593,0.275705636,,,,
61,cnn,noise,0.3,0,0.110181153,0.478826463,0.963999987,0.930999994,0.372227818,0.928847432,0.930443525,0.549059153,0.283686161,,,,
62,cnn,noise,0.3,0,0.123137623,0.471416295,0.960291684,0.934916675,0.386508733,0.929855525,0.934979856,0.562163949,0.296118945,,,,
63,cnn,noise,0.3,0,0.124594614,0.470457345,0.960416675,0.934499979,0.385920703,0.93178761,0.932879686,0.560231864,0.295530915,,,,
64,cnn,noise,0.3,0,0.124233998,0.511539102,0.959854186,0.926249981,0.375420034,0.925319195,0.925823271,0.544690847,0.291414648,,,,
65,cnn,noise,0.3,0,0.117800884,0.497356892,0.962729156,0.923583329,0.37289986,0.921286941,0.922379017,0.539146483,0.276797712,,,,
66,cnn,noise,0.3,0,0.114153109,0.51836741,0.962000012,0.915250003,0.359122992,0.916666687,0.91557461,0.538642466,0.274781585,,,,
67,cnn,noise,0.3,0,0.109346703,0.503140152,0.965145826,0.919333339,0.370967746,0.920110881,0.920194864,0.548555136,0.278393805,,,,
68,cnn,noise,0.3,0,0.102977373,0.451330692,0.965979159,0.937583327,0.380460352,0.934979856,0.937583983,0.567036271,0.30258736,,,,
69,cnn,noise,0.3,0,0.11344856,0.449670255,0.963437498,0.932666659,0.374747992,0.931703627,0.931451619,0.561323941,0.291750669,,,,
70,cnn,noise,0.3,0,0.10784971,0.473913938,0.964312494,0.93233335,0.375252008,0.93271172,0.931703627,0.552167356,0.289566547,,,,
71,cnn,noise,0.3,0,0.10149397,0.462288201,0.967645824,0.934499979,0.38642472,0.932375669,0.934307814,0.55829972,0.290322572,,,,
72,cnn,noise,0.3,0,0.115562208,0.487021446,0.962937474,0.936083317,0.373235881,0.930863559,0.936659932,0.55619961,0.285786301,,,,
73,cnn,noise,0.3,0,0.108275831,0.45755592,0.964979172,0.935500026,0.375252008,0.932207644,0.93539989,0.551999331,0.291414648,,,,
74,cnn,noise,0.3,0,0.104958758,0.483127654,0.966208339,0.929833353,0.367691547,0.929351449,0.929351449,0.543514788,0.275621653,,,,
75,cnn,noise,0.3,0,0.111109234,0.497943521,0.964604139,0.928416669,0.368867606,0.92817539,0.928259432,0.546791017,0.283602148,,,,
76,cnn,noise,0.3,0,0.100251578,0.514903128,0.968541682,0.921833336,0.360383064,0.92607528,0.922967076,0.533770144,0.270917326,,,,
77,cnn,noise,0.3,0,0.097717986,0.513120949,0.968916655,0.927999973,0.359627008,0.92666328,0.927167356,0.535282254,0.275285631,,,,
78,cnn,noise,0.3,0,0.101663388,0.459972441,0.967083335,0.9375,0.378528237,0.935063839,0.936995983,0.560315847,0.293598801,,,,
79,cnn,noise,0.3,0,0.099140868,0.505990565,0.968145847,0.928749979,0.373403907,0.929939508,0.928847432,0.545026898,0.273353487,,,,
80,cnn,noise,0.3,0,0.102560066,0.49382776,0.96702081,0.935333312,0.380376339,0.934979856,0.935735881,0.572832644,0.295530915,,,,
81,cnn,noise,0.3,0,0.1001684,0.524536431,0.968500018,0.931500018,0.374159932,0.931871653,0.932123661,0.553343415,0.280577958,,,,
82,cnn,noise,0.3,0,0.101148739,0.572803974,0.967958331,0.911833346,0.355342746,0.914230525,0.911374331,0.513356864,0.261928767,,,,
83,cnn,noise,0.3,0,0.098750591,0.538958311,0.969145834,0.929250002,0.361055106,0.929183483,0.929267466,0.548807144,0.27973789,,,,
84,cnn,noise,0.3,0,0.09970057,0.549159169,0.967083335,0.930083334,0.366935492,0.930443525,0.930695593,0.551327288,0.278477818,,,,
85,cnn,noise,0.3,0,0.095485292,0.507745028,0.969708323,0.929583311,0.371051759,0.93119961,0.929015458,0.543178737,0.287718415,,,,
86,cnn,noise,0.3,0,0.094645143,0.522565722,0.969541669,0.932083309,0.369119614,0.931451619,0.931115568,0.551915348,0.280829966,,,,
87,cnn,noise,0.3,0,0.099975452,0.53781414,0.968645811,0.931333363,0.369791657,0.928763449,0.93178761,0.545530915,0.279569894,,,,
88,cnn,noise,0.3,0,0.102190346,0.509306192,0.96783334,0.928166687,0.379284263,0.928259432,0.929015458,0.540238559,0.278141797,,,,
89,cnn,noise,0.3,0,0.097770751,0.488317758,0.96897918,0.93566668,0.38222447,0.931115568,0.934895813,0.555023551,0.295194894,,,,
90,cnn,noise,0.3,0,0.085740395,0.516160309,0.971833348,0.934249997,0.382308453,0.932207644,0.932543695,0.553427398,0.287298381,,,,
91,cnn,noise,0.3,0,0.086820625,0.497385651,0.972458363,0.933333337,0.37138778,0.932795703,0.93329972,0.554183483,0.288390458,,,,
92,cnn,noise,0.3,0,0.086428978,0.554628074,0.972562492,0.93083334,0.372815847,0.929603517,0.930611551,0.545530915,0.278729826,,,,
93,cnn,noise,0.3,0,0.087456621,0.518876553,0.971729159,0.933333337,0.369371653,0.931367636,0.933215737,0.550151229,0.285534263,,,,
94,cnn,noise,0.3,0,0.089808717,0.521918416,0.971270859,0.934833348,0.381216407,0.93447578,0.934811831,0.555191517,0.283854157,,,,
95,cnn,noise,0.3,0,0.095919736,0.554035008,0.969916642,0.926333308,0.369875669,0.927251339,0.926327288,0.538390458,0.28335014,,,,
96,cnn,noise,0.3,0,0.091935545,0.545340836,0.970166683,0.935166657,0.368363589,0.933635771,0.934811831,0.548639119,0.288222432,,,,
97,cnn,noise,0.3,0,0.089450613,0.542666435,0.972166657,0.938250005,0.361391127,0.934811831,0.937331975,0.558215737,0.29838711,,,,
98,cnn,noise,0.3,0,0.085385405,0.540836513,0.973208308,0.927583337,0.361559153,0.928595424,0.927503347,0.542002678,0.281586021,,,,
99,cnn,noise,0.3,0,0.085032664,0.548195839,0.972520828,0.937416673,0.377520174,0.933635771,0.937079966,0.556451619,0.277721763,,,,
100,cnn,noise,0.3,0,0.087330975,0.537392557,0.97231251,0.935333312,0.372227818,0.935903907,0.935567856,0.558467746,0.285534263,,,,
101,cnn,noise,0.3,0,0.899992108,0.492008179,0.755916655,0.851916671,0.367103487,0.847698271,0.850806475,0.519741237,0.287802428,,,,
102,cnn,noise,0.3,0,0.507748842,0.375923336,0.84087503,0.888083339,0.363995284,0.884492636,0.888356864,0.526797712,0.288894475,,,,
103,cnn,noise,0.3,0,0.371206015,0.292898715,0.879166663,0.915333331,0.372647852,0.913810492,0.913474441,0.542422712,0.28276211,,,,
104,cnn,noise,0.3,0,0.303916007,0.24017182,0.900187492,0.932083309,0.377184153,0.924647152,0.930863559,0.550151229,0.289818555,,,,
105,cnn,noise,0.3,0,0.25786531,0.273654342,0.914499998,0.920333326,0.351814508,0.918766797,0.922547042,0.5234375,0.274109542,,,,
106,cnn,noise,0.3,0,0.221147373,0.204598293,0.92543751,0.943833351,0.369791657,0.944976449,0.944304407,0.5390625,0.285618275,,,,
107,cnn,noise,0.3,0,0.201498806,0.19724445,0.932250023,0.946833313,0.361307114,0.946068525,0.946656585,0.540154576,0.287130386,,,,
108,cnn,noise,0.3,0,0.191349208,0.236742452,0.936437488,0.936249971,0.359038979,0.936575949,0.937583983,0.527973771,0.263944894,,,,
109,cnn,noise,0.3,0,0.168666244,0.201973408,0.942395806,0.949999988,0.364835352,0.944892466,0.949344754,0.551999331,0.28696236,,,,
110,cnn,noise,0.3,0,0.160112545,0.18479158,0.945562482,0.952166677,0.362315178,0.950688839,0.952284932,0.539818525,0.272513449,,,,
111,cnn,noise,0.3,0,0.151011154,0.187339708,0.949625015,0.95691669,0.357778907,0.952956975,0.956905246,0.554603517,0.284190178,,,,
112,cnn,noise,0.3,0,0.146729842,0.206023484,0.950854182,0.949083328,0.362735212,0.948672712,0.948504686,0.536626339,0.282678097,,,,
113,cnn,noise,0.3,0,0.142225161,0.176579461,0.953125,0.95691669,0.375,0.95791328,0.957493305,0.546286941,0.287046373,,,,
114,cnn,noise,0.3,0,0.142084181,0.141882777,0.952979147,0.966583312,0.380964369,0.963121653,0.96664989,0.559643805,0.288978487,,,,
115,cnn,noise,0.3,0,0.124881022,0.196712315,0.958083332,0.955749989,0.362231195,0.954805136,0.956233203,0.544942856,0.290406585,,,,
116,cnn,noise,0.3,0,0.127129287,0.152115718,0.958312511,0.967333317,0.37558803,0.964969754,0.968161941,0.553007364,0.281670034,,,,
117,cnn,noise,0.3,0,0.125675887,0.173348904,0.958333313,0.96266669,0.375840068,0.961105525,0.963625669,0.557543695,0.283686161,,,,
118,cnn,noise,0.3,0,0.120839387,0.188422859,0.960666656,0.959583342,0.366767466,0.957745314,0.959509432,0.545530915,0.286038309,,,,
119,cnn,noise,0.3,0,0.115421079,0.184285894,0.961687505,0.962499976,0.377436161,0.9609375,0.96396172,0.5546875,0.287046373,,,,
120,cnn,noise,0.3,0,0.114825509,0.173841953,0.963,0.96541667,0.368027568,0.964465737,0.964465737,0.555023551,0.293010741,,,,
121,cnn,noise,0.3,0,0.100932583,0.223562106,0.966437519,0.948499978,0.361307114,0.948084652,0.948588729,0.542590737,0.273101479,,,,
122,cnn,noise,0.3,0,0.116387859,0.167519674,0.961729169,0.965333343,0.37079972,0.965053737,0.966061831,0.564516127,0.298303097,,,,
123,cnn,noise,0.3,0,0.104116507,0.172853738,0.966437519,0.967750013,0.371975809,0.965305805,0.967489898,0.554015458,0.288810492,,,,
124,cnn,noise,0.3,0,0.102522627,0.190859571,0.965958357,0.96541667,0.367271513,0.96244961,0.964465737,0.562920034,0.286710352,,,,
125,cnn,noise,0.3,0,0.102400787,0.177608907,0.966208339,0.962249994,0.376764119,0.959005356,0.961861551,0.548303068,0.280829966,,,,
126,cnn,noise,0.3,0,0.103852317,0.171927139,0.965541661,0.965666652,0.369623661,0.963625669,0.965053737,0.553511441,0.281081975,,,,
127,cnn,noise,0.3,0,0.098785453,0.184480861,0.968208313,0.96450001,0.367355525,0.963877678,0.964213729,0.554771483,0.281586021,,,,
128,cnn,noise,0.3,0,0.102257386,0.1841259,0.967499971,0.964416683,0.372815847,0.961357534,0.962953627,0.562836051,0.285282254,,,,
129,cnn,noise,0.3,0,0.093206249,0.199077755,0.968958318,0.95933336,0.356938839,0.958921373,0.959089398,0.545614898,0.276293695,,,,
130,cnn,noise,0.3,0,0.09038505,0.16055809,0.970333338,0.969833314,0.382728487,0.970346093,0.969590068,0.574932814,0.303343415,,,,
131,cnn,noise,0.3,0,0.08929643,0.195957452,0.971958339,0.962249994,0.374159932,0.960601449,0.962197602,0.552083313,0.278057784,,,,
132,cnn,noise,0.3,0,0.091302305,0.186690569,0.971041679,0.965916693,0.365759403,0.965473771,0.96664989,0.558551729,0.288306445,,,,
133,cnn,noise,0.3,0,0.096503705,0.208412006,0.968999982,0.960083306,0.371723801,0.95614922,0.959593415,0.561575949,0.279233873,,,,
134,cnn,noise,0.3,0,0.09283606,0.210652947,0.970187485,0.962750018,0.363407254,0.960349441,0.961861551,0.546286941,0.275033593,,,,
135,cnn,noise,0.3,0,0.088843271,0.191353053,0.971083343,0.966250002,0.374747992,0.963373661,0.965977848,0.566448271,0.286626339,,,,
136,cnn,noise,0.3,0,0.087922581,0.195890978,0.972374976,0.964333355,0.377016127,0.962029576,0.964381695,0.564768136,0.286626339,,,,
137,cnn,noise,0.3,0,0.091044426,0.194275141,0.970749974,0.963666677,0.378864259,0.962785602,0.965053737,0.578208983,0.285954297,,,,
138,cnn,noise,0.3,0,0.081826702,0.191412941,0.973395824,0.969333351,0.377604157,0.963709652,0.968497992,0.571404576,0.292842746,,,,
139,cnn,noise,0.3,0,0.089851774,0.209214777,0.971750021,0.963249981,0.362063169,0.95942539,0.962533593,0.561911941,0.275369614,,,,
140,cnn,noise,0.3,0,0.089195132,0.212646052,0.971437514,0.959583342,0.367607534,0.959089398,0.960433483,0.549815178,0.279065847,,,,
141,cnn,noise,0.3,0,0.082751282,0.214454576,0.974020839,0.959583342,0.361391127,0.957157254,0.958333313,0.548723102,0.267473131,,,,
142,cnn,noise,0.3,0,0.087276816,0.202940777,0.972416639,0.963999987,0.372647852,0.962197602,0.964885771,0.570984542,0.283266127,,,,
143,cnn,noise,0.3,0,0.082690902,0.215203181,0.973604143,0.959666669,0.370379716,0.95942539,0.960349441,0.549227178,0.28066197,,,,
144,cnn,noise,0.3,0,0.080422841,0.21633181,0.974895835,0.96208334,0.363911301,0.959341407,0.961357534,0.556703627,0.281502008,,,,
145,cnn,noise,0.3,0,0.075548232,0.234967813,0.976437509,0.958500028,0.358870953,0.956485212,0.958921373,0.554939508,0.279401869,,,,
146,cnn,noise,0.3,0,0.083621763,0.239139929,0.974062502,0.959416687,0.371471763,0.955729187,0.959341407,0.558131695,0.283266127,,,,
147,cnn,noise,0.3,0,0.083237663,0.200548977,0.974125028,0.965833306,0.376176089,0.961777568,0.964969754,0.57182461,0.289230525,,,,
148,cnn,noise,0.3,0,0.079732366,0.22514537,0.97437501,0.961000025,0.361895174,0.959677398,0.959593415,0.56401211,0.273017466,,,,
149,cnn,noise,0.3,0,0.082264259,0.185532898,0.974604189,0.969166696,0.372143805,0.967657924,0.968245983,0.562752008,0.28696236,,,,
150,cnn,noise,0.3,0,0.076239258,0.245435223,0.975666642,0.958000004,0.355006725,0.956569195,0.957241237,0.547127008,0.268901199,,,,
151,cnn,noise,0.3,0,0.077731997,0.200757772,0.975479186,0.970000029,0.379032254,0.966229856,0.969170034,0.571404576,0.29477486,,,,
152,cnn,noise,0.3,0,0.086903937,0.220730469,0.973999977,0.959166646,0.36567539,0.958165348,0.959677398,0.557795703,0.284106195,,,,
153,cnn,noise,0.3,0,0.068150595,0.201107651,0.978645861,0.967166662,0.378696233,0.963793695,0.96723789,0.568548381,0.292506725,,,,
154,cnn,noise,0.3,0,0.07297606,0.224878281,0.977124989,0.966750026,0.37289986,0.964297712,0.965389788,0.578713059,0.29267472,,,,
155,cnn,noise,0.3,0,0.078476116,0.233989134,0.975374997,0.961000025,0.362735212,0.959845424,0.959005356,0.561407924,0.275789648,,,,
156,cnn,noise,0.3,0,0.07534039,0.247763544,0.976458311,0.961833358,0.366683453,0.960601449,0.960265458,0.562752008,0.284778237,,,,
157,cnn,noise,0.3,0,0.074929148,0.237970665,0.976083338,0.964083314,0.360047042,0.96244961,0.96454972,0.557795703,0.272513449,,,,
158,cnn,noise,0.3,0,0.075562797,0.259036899,0.977395833,0.960083306,0.374159932,0.959173381,0.960433483,0.572496653,0.276797712,,,,
159,cnn,noise,0.3,0,0.070350178,0.267734468,0.977770805,0.958500028,0.362735212,0.957409263,0.958417356,0.548555136,0.270665318,,,,
160,cnn,noise,0.3,0,0.078827403,0.251072109,0.975708306,0.959583342,0.367523521,0.95883739,0.957241237,0.554351449,0.274361551,,,,
161,cnn,noise,0.3,0,0.078368478,0.227483973,0.975770831,0.964250028,0.377520174,0.962533593,0.964633763,0.574932814,0.278981864,,,,
162,cnn,noise,0.3,0,0.073920004,0.266593337,0.976958334,0.955666661,0.352486551,0.952368975,0.954805136,0.538474441,0.267221093,,,,
163,cnn,noise,0.3,0,0.071724378,0.217742428,0.977854192,0.964416683,0.372815847,0.964717746,0.963877678,0.571908593,0.280745953,,,,
164,cnn,noise,0.3,0,0.068550229,0.238821656,0.97897917,0.964416683,0.370463699,0.961441517,0.964045703,0.559055805,0.286122322,,,,
165,cnn,noise,0.3,0,0.079266652,0.24940598,0.975624979,0.962249994,0.374327958,0.95942539,0.961945593,0.566616237,0.285870284,,,,
166,cnn,noise,0.3,0,0.068652362,0.245791644,0.978375018,0.961583316,0.372311831,0.961273551,0.962029576,0.562247992,0.28335014,,,,
167,cnn,noise,0.3,0,0.066466942,0.245984659,0.979875028,0.961916685,0.381552428,0.961777568,0.962113559,0.571740568,0.286626339,,,,
168,cnn,noise,0.3,0,0.069510974,0.24386546,0.978270829,0.962416649,0.378276199,0.960769475,0.962113559,0.570648551,0.287718415,,,,
169,cnn,noise,0.3,0,0.072742574,0.266258597,0.978791654,0.960083306,0.365171373,0.95732528,0.959089398,0.555863559,0.276041657,,,,
170,cnn,noise,0.3,0,0.067691579,0.253375053,0.97966665,0.96358335,0.369959682,0.9609375,0.963121653,0.563508093,0.284610212,,,,
171,cnn,noise,0.3,0,0.071596496,0.277235299,0.978437483,0.954999983,0.36357528,0.952956975,0.954469085,0.548471093,0.274613589,,,,
172,cnn,noise,0.3,0,0.070551515,0.276676565,0.976875007,0.95783335,0.36298722,0.956065178,0.957409263,0.554351449,0.278309822,,,,
173,cnn,noise,0.3,0,0.066693544,0.264934778,0.979541659,0.961416662,0.37441197,0.958165348,0.9609375,0.568464398,0.283434153,,,,
174,cnn,noise,0.3,0,0.070639066,0.27250126,0.978437483,0.957916677,0.371303767,0.956569195,0.95791328,0.569892466,0.286542326,,,,
175,cnn,noise,0.3,0,0.073515512,0.256696284,0.978083313,0.958916664,0.372227818,0.954973102,0.957997322,0.558551729,0.285954297,,,,
176,cnn,noise,0.3,0,0.067491442,0.271676034,0.978229165,0.960416675,0.373235881,0.959089398,0.960013449,0.567036271,0.293346763,,,,
177,cnn,noise,0.3,0,0.062647276,0.273391217,0.981145859,0.958416641,0.370127678,0.95673722,0.958585322,0.5625,0.279233873,,,,
178,cnn,noise,0.3,0,0.064179748,0.28412196,0.980104148,0.957750022,0.368195564,0.954889119,0.956401229,0.559055805,0.280745953,,,,
179,cnn,noise,0.3,0,0.063677788,0.296420485,0.980687499,0.955916643,0.35878697,0.953629017,0.955477178,0.555275559,0.27402553,,,,
180,cnn,noise,0.3,0,0.067546032,0.261989236,0.979812503,0.959500015,0.373823911,0.958921373,0.95942539,0.567792356,0.283518136,,,,
181,cnn,noise,0.3,0,0.069920063,0.274238139,0.97920835,0.957750022,0.372395843,0.956653237,0.956065178,0.568548381,0.284022182,,,,
182,cnn,noise,0.3,0,0.064215653,0.289768666,0.980520844,0.955333352,0.353830636,0.953713059,0.955141127,0.554099441,0.278393805,,,,
183,cnn,noise,0.3,0,0.063717797,0.2998375,0.980687499,0.956083357,0.358114928,0.956401229,0.955729187,0.560903907,0.286458343,,,,
184,cnn,noise,0.3,0,0.062036596,0.262062758,0.981124997,0.962416649,0.380124331,0.961861551,0.962365568,0.567372322,0.293430775,,,,
185,cnn,noise,0.3,0,0.076558471,0.317761391,0.977187514,0.955250025,0.359206975,0.952200949,0.954049051,0.549311161,0.268817216,,,,
186,cnn,noise,0.3,0,0.060700238,0.319025666,0.981249988,0.951666653,0.361559153,0.950184822,0.951528907,0.54267472,0.270833343,,,,
187,cnn,noise,0.3,0,0.067333393,0.289453417,0.980020821,0.955333352,0.363995284,0.95463711,0.955645144,0.561407924,0.275621653,,,,
188,cnn,noise,0.3,0,0.065471433,0.27245757,0.980791688,0.958916664,0.373991936,0.955981195,0.958249331,0.568632364,0.284946233,,,,
189,cnn,noise,0.3,0,0.069576733,0.293238759,0.979979157,0.955916643,0.370295703,0.952536941,0.954469085,0.554855525,0.273941547,,,,
190,cnn,noise,0.3,0,0.061796635,0.305529922,0.98081249,0.956083357,0.371807784,0.955141127,0.955393136,0.563004017,0.274529576,,,,
191,cnn,noise,0.3,0,0.060241587,0.317649603,0.981625021,0.956333339,0.361727148,0.952368975,0.956653237,0.550823271,0.270833343,,,,
192,cnn,noise,0.3,0,0.060349599,0.313757211,0.981625021,0.95599997,0.366263449,0.95673722,0.955645144,0.563088059,0.284610212,,,,
193,cnn,noise,0.3,0,0.064332619,0.30448395,0.980645835,0.953666687,0.363239259,0.952788949,0.953293025,0.559055805,0.276881725,,,,
194,cnn,noise,0.3,0,0.066200025,0.273428112,0.980541646,0.958083332,0.378528237,0.956569195,0.957157254,0.572664678,0.288390458,,,,
195,cnn,noise,0.3,0,0.064376295,0.275181085,0.980854154,0.961250007,0.377604157,0.959509432,0.960517466,0.570816517,0.296034932,,,,
196,cnn,noise,0.3,0,0.063380264,0.308109552,0.981875002,0.958666682,0.368447572,0.953965068,0.957997322,0.574008763,0.286038309,,,,
197,cnn,noise,0.3,0,0.064496882,0.318393767,0.980624974,0.957249999,0.379872322,0.956401229,0.956653237,0.558131695,0.278393805,,,,
198,cnn,noise,0.3,0,0.063111082,0.311887056,0.980958343,0.957499981,0.372647852,0.955141127,0.956065178,0.568128347,0.290490597,,,,
199,cnn,noise,0.3,0,0.063463606,0.33008489,0.981354177,0.958000004,0.370715737,0.955477178,0.957157254,0.559895813,0.288894475,,,,
200,cnn,noise,0.3,0,0.059182271,0.300186545,0.981999993,0.957583308,0.369371653,0.955309153,0.957073271,0.573756695,0.290070564,,,,
1,fcn,noise,0.3,0,1.083310843,0.557351053,0.74529165,0.837333322,0.36357528,0.832745314,0.838289678,0.50991261,0.280577958,0,0,0,0
2,fcn,noise,0.3,0,0.600552142,0.406038016,0.813020825,0.873333335,0.378696233,0.873571932,0.875672042,0.51982528,0.266885072,0.012122761,0.011913812,0.014463289,0.014005238
3,fcn,noise,0.3,0,0.479956746,0.359244108,0.844041646,0.889999986,0.367019475,0.88760078,0.890120983,0.525369644,0.275033593,0.015959046,0.015632116,0.025032459,0.024129955
4,fcn,noise,0.3,0,0.391555369,0.291036427,0.869583309,0.911000013,0.382056445,0.907846093,0.90927422,0.542758763,0.287718415,0.018890318,0.018451509,0.03501527,0.033570255
5,fcn,noise,0.3,0,0.347377837,0.293635845,0.883374989,0.910916686,0.372479826,0.903309822,0.91103828,0.523773551,0.282846093,0.021267776,0.020716648,0.04431093,0.042292628
6,fcn,noise,0.3,0,0.314167857,0.281711966,0.89372915,0.918916643,0.381384403,0.913390458,0.919186831,0.532426059,0.278309822,0.023613639,0.022942647,0.054542314,0.051876601
7,fcn,noise,0.3,0,0.288586169,0.24063994,0.901791692,0.927666664,0.366179436,0.919858873,0.927251339,0.532006025,0.269321233,0.025703348,0.025041659,0.064515921,0.061755968
8,fcn,noise,0.3,0,0.274979472,0.211143225,0.908166647,0.940083325,0.380124331,0.935735881,0.938088059,0.551159263,0.291414648,0.027444983,0.026689805,0.073442715,0.070131242
9,fcn,noise,0.3,0,0.261876225,0.213843957,0.914624989,0.936916649,0.377940178,0.933971763,0.9375,0.539230525,0.281586021,0.029154938,0.028355236,0.082758379,0.079045969
10,fcn,noise,0.3,0,0.266545743,0.224043533,0.911479175,0.936500013,0.385920703,0.933551729,0.93598789,0.546370983,0.287046373,0.030680975,0.029724698,0.091496739,0.086803894
11,fcn,noise,0.3,0,0.256403208,0.232607141,0.916729152,0.93175,0.375420034,0.928343415,0.931367636,0.539818525,0.273269475,0.03259371,0.031582329,0.103077717,0.097891615
12,fcn,noise,0.3,0,0.228193611,0.249766096,0.925187528,0.931333363,0.383820564,0.930107534,0.930443525,0.544858873,0.281502008,0.034033303,0.032873651,0.112203512,0.10602115
13,fcn,noise,0.3,0,0.223906785,0.206711039,0.924875021,0.941833317,0.381216407,0.940944195,0.943128347,0.547631025,0.285954297,0.035272549,0.034079969,0.120356524,0.113907574
14,fcn,noise,0.3,0,0.220012203,0.228603825,0.927979171,0.939833343,0.378864259,0.935735881,0.938172042,0.549563169,0.299983203,0.036508025,0.035289251,0.12873868,0.122024398
15,fcn,noise,0.3,0,0.214128539,0.239629745,0.929708362,0.938333333,0.372563839,0.934391797,0.938004017,0.537970424,0.290658593,0.037666799,0.036427359,0.136830915,0.129859655
16,fcn,noise,0.3,0,0.217260316,0.208522886,0.928062499,0.947333336,0.37861222,0.945144475,0.945732534,0.549983203,0.295530915,0.038743449,0.03745938,0.144551254,0.137171678
17,fcn,noise,0.3,0,0.199722409,0.198436365,0.934208333,0.948916674,0.378360212,0.943464398,0.948588729,0.547127008,0.290910631,0.039772522,0.038497144,0.152129575,0.144699046
18,fcn,noise,0.3,0,0.20376341,0.232183039,0.934249997,0.942833304,0.384660631,0.938760102,0.943464398,0.546958983,0.285786301,0.040636642,0.039292721,0.158600023,0.150656798
19,fcn,noise,0.3,0,0.209648818,0.219258174,0.932520807,0.943916678,0.391297042,0.94228828,0.944136441,0.557963729,0.306115597,0.041670141,0.040328181,0.16649521,0.15855342
20,fcn,noise,0.3,0,0.187478676,0.211872354,0.939583361,0.949916661,0.376176089,0.945564508,0.948840737,0.546538949,0.277553767,0.042628179,0.041288921,0.174019051,0.16589762
21,fcn,noise,0.3,0,0.188436404,0.256701916,0.939125001,0.938083351,0.37441197,0.934223771,0.936071932,0.53603828,0.271841407,0.04357718,0.04226427,0.181662763,0.173698628
22,fcn,noise,0.3,0,0.190901771,0.217169538,0.938895822,0.946666658,0.383988589,0.942792356,0.947328627,0.554435492,0.280997992,0.044293212,0.042939891,0.187454408,0.179164828
23,fcn,noise,0.3,0,0.186197191,0.250793517,0.942125022,0.939416647,0.369707674,0.936239898,0.938172042,0.551243305,0.274697572,0.045021047,0.043638464,0.1934703,0.184943493
24,fcn,noise,0.3,0,0.178913772,0.254853159,0.943604171,0.941333354,0.374831975,0.940104187,0.942960322,0.533266127,0.278729826,0.045743128,0.044355006,0.19954666,0.190986979
25,fcn,noise,0.3,0,0.17925185,0.228493303,0.943229139,0.945749998,0.372647852,0.94380039,0.945060492,0.55317539,0.302083343,0.046477873,0.045084327,0.205756185,0.197125154
26,fcn,noise,0.3,0,0.170884788,0.252481908,0.945249975,0.94266665,0.382140458,0.942792356,0.944052398,0.546706975,0.291246653,0.047185266,0.045806965,0.211818108,0.203376421
27,fcn,noise,0.3,0,0.175918967,0.248624921,0.943833351,0.942833304,0.373571903,0.941196263,0.943548381,0.54897511,0.283770174,0.047940869,0.046507564,0.218450993,0.209582965
28,fcn,noise,0.3,0,0.162986189,0.265662998,0.948270857,0.942583323,0.37558803,0.939180136,0.942792356,0.54057461,0.290742606,0.048609086,0.047197118,0.224378567,0.215534659
29,fcn,noise,0.3,0,0.188254863,0.272246122,0.941791654,0.944666684,0.385584682,0.94111222,0.9453125,0.549227178,0.301663309,0.049159044,0.04771417,0.229244041,0.220088095
30,fcn,noise,0.3,0,0.166355267,0.262327194,0.94887501,0.944666684,0.376764119,0.941448271,0.944976449,0.542338729,0.290658593,0.049723222,0.048239687,0.234360207,0.224920246
31,fcn,noise,0.3,0,0.162232354,0.251245916,0.949541688,0.947083354,0.377940178,0.942708313,0.947244644,0.553259432,0.292758733,0.05027225,0.048732527,0.239315259,0.229469666
32,fcn,noise,0.3,0,0.157319993,0.281658888,0.950854182,0.941083312,0.377940178,0.938424051,0.94111222,0.54208672,0.287130386,0.050861058,0.049373014,0.244702022,0.235263059
33,fcn,noise,0.3,0,0.15304628,0.26533851,0.952020824,0.947416663,0.387516797,0.942540348,0.945396483,0.550739229,0.290238589,0.051324814,0.049882561,0.248961905,0.239891593
34,fcn,noise,0.3,0,0.148136824,0.274218053,0.953166664,0.946166694,0.384996653,0.940188169,0.945732534,0.560231864,0.300655246,0.051822801,0.050381626,0.253609321,0.244548565
35,fcn,noise,0.3,0,0.15636161,0.25648275,0.950520813,0.949583352,0.391549051,0.947244644,0.94892472,0.560063839,0.30678764,0.052384865,0.050851637,0.258960403,0.249161925
36,fcn,noise,0.3,0,0.168392032,0.273238987,0.949270844,0.94691664,0.37920028,0.945060492,0.945816517,0.551411271,0.289146513,0.052864582,0.051292204,0.263540638,0.253571252
37,fcn,noise,0.3,0,0.152011216,0.30548057,0.953479171,0.939416647,0.36567539,0.939264119,0.940776229,0.54326278,0.292758733,0.053433311,0.051851584,0.26904295,0.259105983
38,fcn,noise,0.3,0,0.161273554,0.273027658,0.950874984,0.948666692,0.393481195,0.944976449,0.94682461,0.550151229,0.311323911,0.053823544,0.052219634,0.272777269,0.262654479
39,fcn,noise,0.3,0,0.147525206,0.278019011,0.954666674,0.948249996,0.374747992,0.945648551,0.947580636,0.540406585,0.29326278,0.054244086,0.052612306,0.276784827,0.266419184
40,fcn,noise,0.3,0,0.148740605,0.279053092,0.956291676,0.945666671,0.373907924,0.943296373,0.944640458,0.543094754,0.288978487,0.05463571,0.052945565,0.280587682,0.269742381
41,fcn,noise,0.3,0,0.14110513,0.25097242,0.955812514,0.952083349,0.389532924,0.949092746,0.950940847,0.563844085,0.296875,0.055045739,0.05334545,0.284637594,0.273855663
42,fcn,noise,0.3,0,0.162715122,0.290343493,0.952395856,0.942916691,0.374747992,0.940776229,0.942372322,0.544942856,0.285954297,0.055509714,0.053832962,0.289211122,0.27858845
43,fcn,noise,0.3,0,0.141176552,0.268532187,0.957416654,0.951166689,0.37920028,0.946404576,0.949344754,0.559307814,0.305527568,0.055991395,0.054283715,0.293965937,0.283108826
44,fcn,noise,0.3,0,0.138496935,0.266505718,0.957187474,0.947416663,0.379956305,0.944052398,0.94741261,0.559559822,0.296790987,0.056336448,0.054616986,0.297460121,0.286579653
45,fcn,noise,0.3,0,0.142166317,0.292748958,0.957125008,0.947916687,0.385836691,0.94321239,0.948000669,0.561071932,0.301915318,0.056666582,0.054929725,0.300781197,0.289748714
46,fcn,noise,0.3,0,0.145768061,0.297972739,0.957562506,0.942833304,0.374495953,0.94170028,0.943464398,0.544102848,0.295530915,0.056987487,0.055228022,0.304053568,0.292746648
47,fcn,noise,0.3,0,0.141801313,0.291839629,0.958166659,0.94599998,0.380040318,0.944640458,0.946740568,0.546622992,0.296959013,0.057453283,0.055708354,0.308807503,0.297745833
48,fcn,noise,0.3,0,0.141244888,0.345065832,0.958270848,0.94416666,0.379452288,0.94111222,0.943968415,0.553763449,0.292254716,0.057845508,0.056075133,0.312836108,0.301528172
49,fcn,noise,0.3,0,0.150744408,0.338876635,0.955479145,0.941416681,0.377016127,0.937416017,0.93960011,0.546286941,0.290490597,0.058292541,0.056563905,0.317405673,0.306423947
50,fcn,noise,0.3,0,0.146157533,0.307813048,0.957166672,0.945166647,0.380796373,0.944304407,0.943632364,0.556367636,0.291414648,0.058672093,0.056852054,0.321384681,0.309749653
51,fcn,noise,0.3,0,0.145022631,0.329026163,0.956187487,0.945916653,0.373991936,0.945900559,0.943884432,0.554939508,0.297379047,0.058968416,0.057120367,0.324436212,0.312660426
52,fcn,noise,0.3,0,0.133723035,0.314985514,0.960583329,0.947749972,0.385836691,0.945648551,0.94833672,0.551999331,0.291414648,0.059347842,0.057464928,0.328389836,0.316445964
53,fcn,noise,0.3,0,0.139697269,0.342707604,0.957937479,0.94325,0.382980525,0.937920034,0.942792356,0.545698941,0.303091407,0.059668246,0.057758199,0.33177114,0.319560884
54,fcn,noise,0.3,0,0.141655192,0.325967461,0.960166693,0.944916666,0.382896513,0.942540348,0.945228517,0.564432144,0.307039648,0.059947594,0.058092941,0.334759325,0.32298666
55,fcn,noise,0.3,0,0.138481855,0.340266854,0.959124982,0.946333349,0.37558803,0.943716407,0.946908593,0.551243305,0.296202958,0.060273778,0.058436467,0.338196126,0.326494846
56,fcn,noise,0.3,0,0.132568315,0.35517475,0.960770845,0.943916678,0.375168025,0.9453125,0.943968415,0.545530915,0.296622992,0.060602949,0.05874019,0.341643624,0.329699116
57,fcn,noise,0.3,0,0.142624229,0.334606677,0.959145844,0.944000006,0.377436161,0.946068525,0.943632364,0.544354856,0.28755039,0.060929827,0.059071275,0.345093978,0.333332895
58,fcn,noise,0.3,0,0.137272343,0.331136525,0.958833337,0.944083333,0.390372992,0.942876339,0.9453125,0.557207644,0.2890625,0.061193314,0.059271956,0.347935718,0.335570952
59,fcn,noise,0.3,0,0.128953144,0.320606411,0.961812496,0.950833321,0.382392466,0.949932814,0.951192856,0.560819864,0.290238589,0.06147616,0.059576018,0.35096083,0.338792002
60,fcn,noise,0.3,0,0.132353321,0.368279636,0.961729169,0.944999993,0.382560492,0.942708313,0.944976449,0.551243305,0.279233873,0.061782657,0.059820312,0.354286567,0.341647498
61,fcn,noise,0.3,0,0.136071563,0.388063788,0.959041655,0.940083325,0.373823911,0.939180136,0.937920034,0.548639119,0.292758733,0.061993554,0.060049116,0.35655714,0.344224932
62,fcn,noise,0.3,0,0.137090892,0.337174833,0.960895836,0.950999975,0.396757394,0.948252678,0.951360881,0.565440178,0.306703627,0.062235991,0.060279117,0.359177038,0.346786713
63,fcn,noise,0.3,0,0.125860408,0.364820182,0.963625014,0.945166647,0.376764119,0.943296373,0.944220424,0.5546875,0.298891127,0.062519365,0.060548767,0.362290222,0.349856381
64,fcn,noise,0.3,0,0.150038257,0.369531363,0.957520843,0.944666684,0.378108203,0.944052398,0.943464398,0.553427398,0.295950949,0.062737275,0.060728398,0.364713065,0.351997867
65,fcn,noise,0.3,0,0.127640113,0.354120314,0.963541687,0.947416663,0.379620284,0.943884432,0.94741261,0.552335322,0.293094754,0.063036564,0.061043381,0.368047784,0.355570866
66,fcn,noise,0.3,0,0.132660583,0.35369271,0.962479174,0.949833333,0.379788309,0.946320593,0.949260771,0.563760102,0.300151199,0.063303842,0.061304113,0.370961678,0.358432924
67,fcn,noise,0.3,0,0.126703471,0.393235266,0.963520825,0.943833351,0.371555775,0.94228828,0.944640458,0.55048722,0.299983203,0.063539112,0.061523769,0.37355698,0.36095181
68,fcn,noise,0.3,0,0.134903327,0.363311291,0.96208334,0.948666692,0.384996653,0.946656585,0.948420703,0.56098789,0.299479157,0.063768008,0.061761348,0.376108587,0.363630552
69,fcn,noise,0.3,0,0.127941236,0.344488412,0.962562501,0.951916695,0.38432461,0.947496653,0.949764788,0.560567856,0.29838711,0.064058335,0.062102541,0.379244428,0.367115365
70,fcn,noise,0.3,0,0.135086089,0.397127479,0.961833358,0.942166686,0.383652568,0.939180136,0.943632364,0.557291687,0.303763449,0.064256875,0.062277372,0.381430201,0.369187334
71,fcn,noise,0.3,0,0.138373002,0.42911613,0.962208331,0.941500008,0.384072572,0.938928068,0.941364229,0.555191517,0.303007394,0.06448986,0.062485082,0.38402456,0.371633838
72,fcn,noise,0.3,0,0.133367896,0.389702976,0.96243751,0.944583356,0.380124331,0.944136441,0.945396483,0.559307814,0.299899191,0.064754855,0.062707458,0.386988057,0.374485989
73,fcn,noise,0.3,0,0.115661547,0.350599676,0.966979146,0.949833333,0.384744614,0.948084652,0.949428737,0.564432144,0.30829972,0.064975614,0.062891379,0.389488926,0.376718177
74,fcn,noise,0.3,0,0.115968913,0.377645642,0.966270804,0.947749972,0.373991936,0.944640458,0.946992636,0.546286941,0.289818555,0.065147261,0.063027299,0.391361941,0.378427184
75,fcn,noise,0.3,0,0.131510392,0.412031561,0.963874996,0.943333328,0.375252008,0.941364229,0.942792356,0.538390458,0.297379047,0.065335228,0.063167147,0.393536795,0.380221244
76,fcn,noise,0.3,0,0.131620601,0.399101794,0.963937521,0.943166673,0.380460352,0.941196263,0.943884432,0.556619644,0.302671373,0.065629039,0.06345108,0.396834435,0.383524031
77,fcn,noise,0.3,0,0.131274089,0.414605498,0.963500023,0.940416694,0.376596093,0.938508093,0.940944195,0.550571263,0.284358203,0.065828684,0.063679281,0.399148522,0.386246969
78,fcn,noise,0.3,0,0.126192808,0.389074206,0.965499997,0.943916678,0.379116267,0.943632364,0.94321239,0.551327288,0.296118945,0.066027905,0.063869239,0.401398474,0.388396033
79,fcn,noise,0.3,0,0.133754775,0.361145616,0.962708354,0.947666645,0.372143805,0.942372322,0.947328627,0.54897511,0.29477486,0.066248731,0.064087659,0.403944476,0.390991365
80,fcn,noise,0.3,0,0.129872799,0.372020841,0.963395834,0.946666658,0.383652568,0.943464398,0.946488559,0.550991237,0.297631055,0.066440214,0.064261752,0.406106721,0.393194933
81,fcn,noise,0.3,0,0.117717713,0.386103511,0.966520846,0.946083307,0.383736551,0.944388449,0.947244644,0.556031585,0.29838711,0.066594354,0.064411946,0.407920724,0.395054783
82,fcn,noise,0.3,0,0.116798379,0.415031731,0.96714586,0.940249979,0.378948241,0.94228828,0.939852178,0.551243305,0.300655246,0.066772131,0.064599719,0.409988558,0.397376297
83,fcn,noise,0.3,0,0.130329341,0.382971525,0.964937508,0.949166656,0.388188839,0.947076619,0.949092746,0.559223771,0.310819894,0.066966077,0.064768511,0.412211536,0.399308147
84,fcn,noise,0.3,0,0.127050981,0.402858019,0.964687526,0.948833346,0.382308453,0.945816517,0.948756695,0.558383763,0.300907254,0.067159342,0.064980647,0.414453185,0.401645679
85,fcn,noise,0.3,0,0.127017438,0.428647548,0.965708315,0.944000006,0.386508733,0.944724441,0.944472432,0.555695593,0.298555106,0.067306064,0.065135192,0.416086587,0.403370736
86,fcn,noise,0.3,0,0.124573849,0.404491752,0.966020823,0.945249975,0.370379716,0.943884432,0.945564508,0.539566517,0.287214369,0.067481037,0.065301329,0.418137283,0.405326848
87,fcn,noise,0.3,0,0.132141545,0.416783839,0.965541661,0.944333315,0.377352148,0.940020144,0.944388449,0.557291687,0.302839369,0.067632718,0.06547157,0.419928424,0.407288969
88,fcn,noise,0.3,0,0.125136435,0.442483515,0.965958357,0.944833338,0.380124331,0.942708313,0.944304407,0.55048722,0.295866936,0.067874873,0.065707661,0.422822818,0.41026878
89,fcn,noise,0.3,0,0.132158667,0.441925138,0.964166641,0.938499987,0.370967746,0.938508093,0.939348102,0.545530915,0.287130386,0.068071425,0.065880195,0.425136263,0.412546588
90,fcn,noise,0.3,0,0.109061137,0.404003143,0.968625009,0.947250009,0.385500669,0.945228517,0.948000669,0.561407924,0.305527568,0.068260859,0.066040165,0.427380243,0.414696894
91,fcn,noise,0.3,0,0.115866251,0.458432853,0.969020844,0.943416655,0.378360212,0.941196263,0.942372322,0.555275559,0.299143136,0.068451966,0.066244446,0.429588123,0.417120468
92,fcn,noise,0.3,0,0.117989637,0.444435358,0.966729164,0.947583318,0.379704297,0.944136441,0.945984542,0.547967076,0.297211021,0.068548437,0.066349608,0.430725882,0.418317814
93,fcn,noise,0.3,0,0.128156587,0.4178361,0.965312481,0.945416689,0.379536301,0.944388449,0.945732534,0.557879686,0.288642466,0.068704198,0.066448039,0.432614246,0.419825346
94,fcn,noise,0.3,0,0.111713514,0.428299606,0.968958318,0.948583305,0.390877008,0.946488559,0.948084652,0.561827958,0.297043025,0.068854435,0.066607424,0.434441931,0.421813426
95,fcn,noise,0.3,0,0.123162925,0.464362919,0.96724999,0.943833351,0.381132394,0.943968415,0.944640458,0.554771483,0.30258736,0.068969234,0.066686192,0.435801054,0.422955284
96,fcn,noise,0.3,0,0.125866085,0.466156602,0.96714586,0.945583344,0.385668695,0.944388449,0.9453125,0.550571263,0.312668025,0.069082659,0.066788557,0.437158009,0.424215569
97,fcn,noise,0.3,0,0.122571886,0.435790032,0.967562497,0.94749999,0.384576619,0.945144475,0.94892472,0.559727848,0.306451619,0.069206875,0.066925506,0.438611277,0.425897668
98,fcn,noise,0.3,0,0.119405515,0.430443674,0.968166649,0.94691664,0.384492606,0.944556475,0.947328627,0.564684153,0.305023521,0.069408034,0.06714103,0.440986892,0.428395743
99,fcn,noise,0.3,0,0.121185996,0.447183311,0.967499971,0.946166694,0.383316547,0.945060492,0.946320593,0.557207644,0.300319225,0.069600915,0.067373172,0.443218505,0.430995361
100,fcn,noise,0.3,0,0.133127838,0.487776488,0.965666652,0.938250005,0.377856195,0.937752008,0.938088059,0.547379017,0.289566547,0.06975143,0.067506827,0.444972818,0.432549963
101,fcn,noise,0.3,0,0.130423322,0.498773694,0.966354191,0.941833317,0.39003697,0.94111222,0.941616237,0.551579297,0.301327288,0.069868882,0.067618072,0.446319936,0.433876303
102,fcn,noise,0.3,0,0.1295138,0.441169202,0.966374993,0.946833313,0.379536301,0.943632364,0.947832644,0.55947578,0.289146513,0.070008564,0.06777441,0.447997795,0.435750333
103,fcn,noise,0.3,0,0.115900114,0.478969842,0.969166696,0.941999972,0.375336021,0.942624331,0.940188169,0.553847432,0.284946233,0.070157314,0.067912736,0.449723739,0.437520124
104,fcn,noise,0.3,0,0.112218812,0.499245435,0.969083309,0.939666688,0.378696233,0.93901211,0.940272152,0.546875,0.302671373,0.070300502,0.068052255,0.451446194,0.439369388
105,fcn,noise,0.3,0,0.129686385,0.451906949,0.966229141,0.945833325,0.378276199,0.944976449,0.945396483,0.562247992,0.297379047,0.070435497,0.068196722,0.453027294,0.440987224
106,fcn,noise,0.3,0,0.128532156,0.477498323,0.966958344,0.947749972,0.378864259,0.946572602,0.94682461,0.551243305,0.287718415,0.070589117,0.068315702,0.454958557,0.442661912
107,fcn,noise,0.3,0,0.112261705,0.45043385,0.96897918,0.948083341,0.374075949,0.946404576,0.947832644,0.555611551,0.300319225,0.070700085,0.068429764,0.456262186,0.444029119
108,fcn,noise,0.3,0,0.123434857,0.473470539,0.968479156,0.947333336,0.383988589,0.945732534,0.947580636,0.557963729,0.291666657,0.070822234,0.068527143,0.457680116,0.44532056
109,fcn,noise,0.3,0,0.119512692,0.486007005,0.969562471,0.946166694,0.380208343,0.942540348,0.94380039,0.560315847,0.30048722,0.070973144,0.068645381,0.459510214,0.446694394
110,fcn,noise,0.3,0,0.116253644,0.504718006,0.969729185,0.941333354,0.375672042,0.942036271,0.942876339,0.552167356,0.28696236,0.071135033,0.068733225,0.461539348,0.448129158
111,fcn,noise,0.3,0,0.130534142,0.480272919,0.967625022,0.947083354,0.378360212,0.943632364,0.946236551,0.556451619,0.298555106,0.071246681,0.068810493,0.462881158,0.449186439
112,fcn,noise,0.3,0,0.124397524,0.482369632,0.968249977,0.944416642,0.380040318,0.93960011,0.943716407,0.553427398,0.298135072,0.071391877,0.068952712,0.464637072,0.450961178
113,fcn,noise,0.3,0,0.116203725,0.462282866,0.970375001,0.945916653,0.372563839,0.944556475,0.946404576,0.558719754,0.299479157,0.0714887,0.069068328,0.46583062,0.45234793
114,fcn,noise,0.3,0,0.116127118,0.490513593,0.969541669,0.944000006,0.388440847,0.942624331,0.943548381,0.567708313,0.304351479,0.07157964,0.069128827,0.466954941,0.453360906
115,fcn,noise,0.3,0,0.114833422,0.479622513,0.970104158,0.945916653,0.39003697,0.943464398,0.946068525,0.55166328,0.29536289,0.07168791,0.069239167,0.468297096,0.454953401
116,fcn,noise,0.3,0,0.111012124,0.535332084,0.971479177,0.943166673,0.370463699,0.942792356,0.94321239,0.548135102,0.300571233,0.071794864,0.069352721,0.469568762,0.456499537
117,fcn,noise,0.3,0,0.125750661,0.513905048,0.96829164,0.943750024,0.379368275,0.941448271,0.943548381,0.544522822,0.292758733,0.071873502,0.069424668,0.470559474,0.457536819
118,fcn,noise,0.3,0,0.125374913,0.500891745,0.96806252,0.943666637,0.380880386,0.942624331,0.943296373,0.549143136,0.298219085,0.072020212,0.069615113,0.472326326,0.459702472
119,fcn,noise,0.3,0,0.118700296,0.572331846,0.969479144,0.942083359,0.374579966,0.940188169,0.941532254,0.553007364,0.302503347,0.072130016,0.069705152,0.47366054,0.460875866
120,fcn,noise,0.3,0,0.120395936,0.533782065,0.969250023,0.944666684,0.379284263,0.946404576,0.94380039,0.553511441,0.302251339,0.072235827,0.069821166,0.474942885,0.462352576
121,fcn,noise,0.3,0,0.121116914,0.558729291,0.969333351,0.939833343,0.37861222,0.939684153,0.939516127,0.548639119,0.302923381,0.072374898,0.069963863,0.47671527,0.46412776
122,fcn,noise,0.3,0,0.124083266,0.548342884,0.96989584,0.942749977,0.375084013,0.943632364,0.94228828,0.545278907,0.291498661,0.072489929,0.07010475,0.478192408,0.465870746
123,fcn,noise,0.3,0,0.126559153,0.538527489,0.968645811,0.944916666,0.374159932,0.94321239,0.94380039,0.562247992,0.295278907,0.072595563,0.070184302,0.479470638,0.466898846
124,fcn,noise,0.3,0,0.123445518,0.514386892,0.970666647,0.94266665,0.373991936,0.942036271,0.942372322,0.54838711,0.297631055,0.072687059,0.070231694,0.480670555,0.467648194
125,fcn,noise,0.3,0,0.122311562,0.494777471,0.969937503,0.944500029,0.378948241,0.941784263,0.945396483,0.552251339,0.316952288,0.072816334,0.07041834,0.482250668,0.469835837
126,fcn,noise,0.3,0,0.113592409,0.543868721,0.97139585,0.94325,0.37651211,0.944136441,0.943632364,0.550655246,0.301915318,0.072890508,0.070500602,0.483175784,0.470863771
127,fcn,noise,0.3,0,0.112553552,0.544171214,0.97254169,0.944500029,0.377352148,0.940692186,0.945144475,0.548471093,0.303343415,0.072969677,0.070570002,0.484108503,0.471894268
128,fcn,noise,0.3,0,0.119415201,0.574438334,0.970958352,0.939999998,0.379284263,0.940860212,0.940860212,0.548219085,0.301831305,0.073074854,0.070654865,0.485495862,0.473050443
129,fcn,noise,0.3,0,0.135017246,0.531713009,0.967958331,0.944583356,0.379956305,0.943968415,0.943548381,0.547883093,0.301411301,0.073175795,0.070761316,0.486792482,0.474429953
130,fcn,noise,0.3,0,0.115324251,0.536927342,0.971374989,0.943083346,0.381804436,0.94170028,0.942960322,0.556115568,0.303343415,0.073318615,0.070927671,0.488570384,0.476635991
131,fcn,noise,0.3,0,0.116684213,0.538275242,0.970666647,0.945249975,0.375504047,0.944220424,0.945984542,0.561239898,0.311071903,0.073443363,0.07105759,0.49017069,0.478367092
132,fcn,noise,0.3,0,0.109765187,0.500103295,0.972666681,0.948916674,0.379116267,0.947328627,0.948588729,0.556535602,0.291918695,0.073560658,0.071155738,0.491635106,0.479521303
133,fcn,noise,0.3,0,0.102203123,0.573483586,0.973895848,0.943333328,0.382728487,0.94228828,0.942960322,0.548471093,0.275957674,0.07363592,0.071196735,0.49258206,0.480195518
134,fcn,noise,0.3,0,0.124075167,0.512491107,0.97035414,0.948083341,0.382644475,0.942456305,0.947664678,0.55107528,0.291582674,0.073686081,0.071231082,0.493160197,0.480604115
135,fcn,noise,0.3,0,0.111771539,0.560160398,0.972041667,0.943750024,0.37348789,0.941364229,0.943380356,0.565692186,0.275957674,0.073819792,0.071424639,0.494901612,0.482880858
136,fcn,noise,0.3,0,0.120436557,0.586315811,0.97025001,0.945249975,0.37558803,0.944304407,0.944808483,0.553847432,0.294018805,0.073932639,0.071525077,0.496278247,0.484127941
137,fcn,noise,0.3,0,0.130613461,0.597373366,0.969375014,0.94358331,0.380964369,0.939684153,0.943128347,0.559223771,0.300571233,0.074005431,0.071594155,0.497169956,0.485112835
138,fcn,noise,0.3,0,0.123441458,0.605431795,0.970333338,0.944000006,0.38071236,0.944220424,0.94321239,0.561995983,0.298303097,0.074085395,0.071656137,0.498113653,0.485995401
139,fcn,noise,0.3,0,0.125633731,0.578057289,0.971020818,0.943166673,0.373235881,0.943548381,0.942372322,0.557627678,0.286122322,0.074147367,0.071707711,0.498870926,0.486763866
140,fcn,noise,0.3,0,0.12190026,0.601851702,0.970187485,0.942333341,0.372479826,0.942036271,0.943716407,0.552923381,0.293094754,0.074223986,0.071798563,0.499800966,0.4878291
141,fcn,noise,0.3,0,0.120682769,0.621094227,0.971958339,0.940249979,0.372731864,0.938592076,0.939936161,0.542590737,0.288642466,0.074307576,0.071887086,0.500916975,0.489054884
